timestamp,equity,cash,invested,realized_pnl,positions
2026-09-15T10:39:49.186076+00:00,1000.0,1000.0,0,0.0,0
2026-09-15T10:58:42.586835+00:00,1000.0,1000.0,0,0.0,0
2026-09-15T11:09:29.812563+00:00,1000.0,1000.0,0,0.0,0
2026-09-15T17:25:02.175606+00:00,1000.0,1000.0,0,0.0,0
2026-09-15T20:20:16.535494+00:00,1000.0,1000.0,0,0.0,0
2026-09-15T23:00:09.212492+00:00,1000.0,1000.0,0,0.0,0
2026-09-16T17:24:06.132394+00:00,999.8001,600.02,399.7801,0.0,2
2026-09-16T20:18:23.646510+00:00,998.6913,600.02,398.6713,0.0,2
2026-09-16T23:05:37.095684+00:00,998.777,600.02,398.757,0.0,2
2026-09-17T17:23:20.337634+00:00,1001.8993,600.02,401.8793,0.0,2
2026-09-17T20:26:48.840255+00:00,1003.7845,600.02,403.7645,0.0,2
2026-09-17T22:58:14.560737+00:00,1003.7845,600.02,403.7645,0.0,2
2026-09-18T16:51:19.483136+00:00,999.4493,400.1102,599.3391,0.0,3
2026-09-18T19:20:44.172521+00:00,1001.0646,400.1102,600.9545,0.0,3
2026-09-18T21:45:44.349331+00:00,999.9899,400.1102,599.8798,0.0,3
2026-09-21T18:24:28.528270+00:00,1026.6972,205.3441,821.3531,20.4932,5
2026-09-21T22:05:33.891691+00:00,1026.1759,205.3441,820.8318,20.4932,5
2026-09-22T17:27:32.342152+00:00,1028.1334,205.3441,822.7894,20.4932,5
2026-09-22T20:21:09.852117+00:00,1025.1522,205.3441,819.8081,20.4932,5
2026-09-22T23:05:58.228593+00:00,1025.144,205.3441,819.8,20.4932,5
2026-09-23T17:36:54.846657+00:00,1015.588,216.9638,798.6242,13.4392,5
2026-09-23T20:40:58.496042+00:00,1017.2705,216.9638,800.3067,13.4392,5
2026-09-23T23:08:59.431241+00:00,1017.3904,216.9638,800.4266,13.4392,5
2026-09-24T17:39:57.525129+00:00,1021.9324,216.9638,804.9686,13.4392,5
2026-09-24T20:47:02.121853+00:00,1021.7768,216.9638,804.813,13.4392,5
2026-09-24T23:41:54.287418+00:00,1021.8028,216.9638,804.839,13.4392,5
2026-09-25T17:39:35.889697+00:00,1017.8957,216.9638,800.9319,13.4392,5
2026-09-25T20:45:06.566632+00:00,1018.1902,216.9638,801.2264,13.4392,5
2026-09-25T23:36:01.850611+00:00,1018.193,216.9638,801.2292,13.4392,5
2026-09-28T19:55:21.009901+00:00,998.5816,199.7351,798.8464,3.3586,5
2026-09-29T00:04:59.464255+00:00,999.7728,199.7351,800.0376,3.3586,5
2026-09-29T18:23:56.598352+00:00,998.7057,199.7351,798.9705,3.3586,5
2026-09-29T22:27:57.413916+00:00,998.3556,199.7351,798.6204,3.3586,5
2026-09-30T18:13:28.734026+00:00,1006.0828,199.7351,806.3476,3.3586,5
2026-09-30T22:16:35.145045+00:00,1000.1901,199.7351,800.455,3.3586,5
2026-10-01T18:38:51.452450+00:00,1003.6405,199.7351,803.9054,3.3586,5
2026-10-01T22:54:32.434697+00:00,1002.8795,199.7351,803.1443,3.3586,5
2026-10-02T18:08:25.263234+00:00,1010.7278,202.1653,808.5625,3.2307,5
2026-10-02T22:10:37.223073+00:00,1009.2429,202.1653,807.0776,3.2307,5
2026-10-06T01:36:57.932688+00:00,1018.4019,202.1653,816.2366,3.2307,5
2026-10-06T18:42:50.577660+00:00,1027.1491,202.1653,824.9838,3.2307,5
2026-10-06T22:48:11.902032+00:00,1023.1324,202.1653,820.9671,3.2307,5
2026-10-07T19:09:10.429710+00:00,1003.5358,202.1653,801.3705,3.2307,5
2026-10-07T23:34:20.127650+00:00,1005.0904,202.1653,802.9251,3.2307,5
